{
  "movies": [
    {
      "id": 1,
      "title": "Black Widow"
    },
    {
      "id": 2,
      "title": "Wonder Woman"
    },
    {
      "title": "Man of Steel",
      "id": 3
    },
    {
      "title": "Man of Steel",
      "id": 4
    },
    {
      "title": "Man of Steel",
      "id": 5
    },
    {
      "title": "Man of Steel",
      "id": 6
    },
    {
      "title": "Man of Steel",
      "id": 7
    },
    {
      "title": "Man of Steel",
      "id": 8
    },
    {
      "title": "Man of Steel",
      "id": 9
    },
    {
      "title": "Man of Steel",
      "id": 10
    }
  ]
}